{
  "slice1": {
    "PCC": 0.16911064088344574,
    "SSIM": 0.3746458359691295,
    "CMD": 0.2740179901377293,
    "MoransI": 0.8882461236780851,
    "SPCC": 0.11951454741754361
  },
  "slice2": {
    "PCC": 0.15707367658615112,
    "SSIM": 0.3727849976163047,
    "CMD": 0.29326059033381446,
    "MoransI": 0.8955147760398534,
    "SPCC": 0.138156321457908
  },
  "loss_config": {
    "alpha": 1.0,
    "beta": 0.3,
    "gamma": 0,
    "delta": 0,
    "use_gene_weights": false,
    "rank_tau": 1.0,
    "rank_max_genes": 300
  },
  "description": "MSE + Cosine Loss (beta=0.3) \u2192 \u76ee\u6807: \u63d0\u5347 PCC",
  "time_seconds": 264.60288739204407
}