{
  "0_baseline": {
    "slice1": {
      "PCC": 0.2536153197288513,
      "SSIM": 0.3612184414399122,
      "CMD": 0.19240350378278137,
      "MoransI": 0.9146286062300233,
      "SPCC": 0.23652301800690256
    },
    "slice2": {
      "PCC": 0.26599350571632385,
      "SSIM": 0.3770949581355195,
      "CMD": 0.22894817632741038,
      "MoransI": 0.9150634684614228,
      "SPCC": 0.24732986891950753
    },
    "method": null,
    "time_seconds": 771.8906111717224
  },
  "1_svg": {
    "slice1": {
      "PCC": 0.18966491520404816,
      "SSIM": 0.2602358842804242,
      "CMD": 0.5042747845498883,
      "MoransI": 0.9289281505377461,
      "SPCC": 0.1776405757038865
    },
    "slice2": {
      "PCC": 0.19647470116615295,
      "SSIM": 0.28747546041532956,
      "CMD": 0.523989500006746,
      "MoransI": 0.9322123186864791,
      "SPCC": 0.1780352540489599
    },
    "method": "svg",
    "time_seconds": 843.4287226200104
  },
  "2_attn": {
    "slice1": {
      "PCC": 0.25157999992370605,
      "SSIM": 0.36053975262624005,
      "CMD": 0.18860356628965358,
      "MoransI": 0.9121908980356589,
      "SPCC": 0.2352514500193004
    },
    "slice2": {
      "PCC": 0.2678796947002411,
      "SSIM": 0.37738191078627337,
      "CMD": 0.2201612848907345,
      "MoransI": 0.9145412203560856,
      "SPCC": 0.24884810721079212
    },
    "method": "attn",
    "time_seconds": 964.5133605003357
  },
  "3_combined": {
    "slice1": {
      "PCC": 0.18405036628246307,
      "SSIM": 0.2778561096520012,
      "CMD": 0.48425817020986694,
      "MoransI": 0.9259877870928105,
      "SPCC": 0.17049658964451211
    },
    "slice2": {
      "PCC": 0.19390253722667694,
      "SSIM": 0.28749199173787043,
      "CMD": 0.5299022027735485,
      "MoransI": 0.9261253665315896,
      "SPCC": 0.17800847448429677
    },
    "method": "combined",
    "time_seconds": 923.1373772621155
  }
}