{
  "slice1_prediction": {
    "PCC": 0.18405036628246307,
    "SSIM": 0.2778561096520012,
    "CMD": 0.48425817020986694,
    "MoransI": 0.9259877870928105,
    "SPCC": 0.17049658964451211
  },
  "slice2_prediction": {
    "PCC": 0.19390253722667694,
    "SSIM": 0.28749199173787043,
    "CMD": 0.5299022027735485,
    "MoransI": 0.9261253665315896,
    "SPCC": 0.17800847448429677
  },
  "method": "combined",
  "svg_top_k": 150,
  "gate_hidden_dim": 256
}