{
  "slice1": {
    "PCC": 0.16704727709293365,
    "SSIM": 0.3781165741710056,
    "CMD": 0.26375980212334194,
    "MoransI": 0.8895357024619999,
    "SPCC": 0.11793999823350916
  },
  "slice2": {
    "PCC": 0.15819987654685974,
    "SSIM": 0.37262933482064386,
    "CMD": 0.28996095264775756,
    "MoransI": 0.8919048110079518,
    "SPCC": 0.1393094611247202
  },
  "activation_type": null,
  "time_seconds": 196.82166934013367
}