{
  "slice1": {
    "PCC": 0.1793244332075119,
    "SSIM": 0.35347387206271874,
    "CMD": 0.3262972525874438,
    "MoransI": 0.9329203098524744,
    "SPCC": 0.1257159366118696
  },
  "slice2": {
    "PCC": 0.13203097879886627,
    "SSIM": 0.2635087399545948,
    "CMD": 0.4726503732906806,
    "MoransI": 0.9366012571678213,
    "SPCC": 0.11770792021684308
  },
  "activation_type": "mish",
  "time_seconds": 196.78945469856262
}