{
  "slice1": {
    "PCC": 0.2483012080192566,
    "SSIM": 0.3530431528775884,
    "CMD": 0.203598725589486,
    "MoransI": 0.9112656317181878,
    "SPCC": 0.22992962444843892
  },
  "slice2": {
    "PCC": 0.2697000205516815,
    "SSIM": 0.3726524091341825,
    "CMD": 0.2204186719454927,
    "MoransI": 0.9163356497008868,
    "SPCC": 0.24935359096149085
  },
  "loss_config": {
    "alpha": 1.0,
    "beta": 0,
    "gamma": 0.05,
    "delta": 0,
    "use_gene_weights": false,
    "rank_tau": 1.0,
    "rank_max_genes": 300
  },
  "description": "MSE + Soft Rank Loss (gamma=0.05) \u2192 \u76ee\u6807: \u63d0\u5347 SSIM",
  "time_seconds": 737.9625899791718
}