{
  "slice1": {
    "PCC": 0.21282647550106049,
    "SSIM": 0.3400226758682668,
    "CMD": 0.2757905346958551,
    "MoransI": 0.924124964939961,
    "SPCC": 0.2088223103109434
  },
  "slice2": {
    "PCC": 0.270938515663147,
    "SSIM": 0.37855093002524853,
    "CMD": 0.22141467380159086,
    "MoransI": 0.9214670936820263,
    "SPCC": 0.25344443934035066
  },
  "config": {
    "alpha": 1.0,
    "beta": 0.3,
    "gamma": 0.0,
    "description": "Spatial + WGCNA co-expression"
  },
  "time_seconds": 784.5952954292297
}