{
  "dataset": "skin",
  "seed": 42,
  "n_genes_MI": 94,
  "n_genes_MOD": 94,
  "n_genes_MU": 94,
  "alpha": 0.33,
  "ccv_slice1_MI": 1.078408122062683,
  "ccv_slice1_MU": 1.0370583534240723,
  "ccv_slice1_MOD": 1.0480639934539795,
  "ccv_slice2_MI": 1.0968639850616455,
  "ccv_slice2_MU": 1.041171908378601,
  "ccv_slice2_MOD": 1.0530726909637451,
  "width_slice1_MI": 0.416355162858963,
  "width_slice1_MU": 0.3171526789665222,
  "width_slice1_MOD": 0.3920590281486511,
  "width_slice2_MI": 0.6100254654884338,
  "width_slice2_MU": 0.3630772829055786,
  "width_slice2_MOD": 0.4351363182067871,
  "width_cross_slice_MI": 0.4155072271823883,
  "width_cross_slice_MU": 0.3157651424407959,
  "width_cross_slice_MOD": 0.39288026094436646,
  "coverage_slice1_MI": 0.6700182121718018,
  "coverage_slice1_MU": 0.6700182121718018,
  "coverage_slice1_MOD": 0.6700182121718018,
  "coverage_slice2_MI": 0.6700182121718018,
  "coverage_slice2_MU": 0.6700182121718018,
  "coverage_slice2_MOD": 0.6700182121718018,
  "coverage_cross_slice_MI": 0.4814128479768021,
  "coverage_cross_slice_MU": 0.5069294649690165,
  "coverage_cross_slice_MOD": 0.5625407674945024,
  "coverage_slice1_overall": 0.6700182121718016,
  "coverage_slice2_overall": 0.6700182121718016,
  "coverage_cross_slice_overall": 0.5169610268134405,
  "spearman_rho_eps_vs_baseline_pcc": 0.7565152434154605,
  "spearman_p": 1.4299809460003728e-53
}