{
  "0_baseline": {
    "slice1": {
      "PCC": 0.25650063157081604,
      "SSIM": 0.36630071926027763,
      "CMD": 0.21023067227405157,
      "MoransI": 0.9158566418781985,
      "SPCC": 0.2404970622241629
    },
    "slice2": {
      "PCC": 0.26788461208343506,
      "SSIM": 0.37521083836297925,
      "CMD": 0.2215686729780103,
      "MoransI": 0.9157708835206932,
      "SPCC": 0.24889479792564295
    },
    "config": {
      "alpha": 1.0,
      "beta": 0.0,
      "gamma": 0.0,
      "description": "\u539f\u7248 Spatial-only hypergraph"
    },
    "time_seconds": 765.9023230075836
  },
  "1_spatial_coexpr": {
    "slice1": {
      "PCC": 0.21282647550106049,
      "SSIM": 0.3400226758682668,
      "CMD": 0.2757905346958551,
      "MoransI": 0.924124964939961,
      "SPCC": 0.2088223103109434
    },
    "slice2": {
      "PCC": 0.270938515663147,
      "SSIM": 0.37855093002524853,
      "CMD": 0.22141467380159086,
      "MoransI": 0.9214670936820263,
      "SPCC": 0.25344443934035066
    },
    "config": {
      "alpha": 1.0,
      "beta": 0.3,
      "gamma": 0.0,
      "description": "Spatial + WGCNA co-expression"
    },
    "time_seconds": 784.5952954292297
  },
  "2_spatial_ppi": {
    "slice1": {
      "PCC": 0.3152225911617279,
      "SSIM": 0.39304925208755026,
      "CMD": 0.22072047838544095,
      "MoransI": 0.8992449207589253,
      "SPCC": 0.2825131778449155
    },
    "slice2": {
      "PCC": 0.32243287563323975,
      "SSIM": 0.40472527962567983,
      "CMD": 0.23630009977640787,
      "MoransI": 0.90378857454292,
      "SPCC": 0.2895166050430467
    },
    "config": {
      "alpha": 1.0,
      "beta": 0.0,
      "gamma": 0.3,
      "description": "Spatial + PPI-weighted"
    },
    "time_seconds": 4873.774852514267
  },
  "3_all_three": {
    "slice1": {
      "PCC": 0.3160075843334198,
      "SSIM": 0.39053737368192826,
      "CMD": 0.2262762349457278,
      "MoransI": 0.8996338223598501,
      "SPCC": 0.28205890601321987
    },
    "slice2": {
      "PCC": 0.3251807987689972,
      "SSIM": 0.40765429775424905,
      "CMD": 0.23844268486588338,
      "MoransI": 0.9037646653662722,
      "SPCC": 0.29237470505110613
    },
    "config": {
      "alpha": 1.0,
      "beta": 0.3,
      "gamma": 0.3,
      "description": "Spatial + WGCNA + PPI (full model)"
    },
    "time_seconds": 5748.615164279938
  }
}