{
  "slice1_prediction": {
    "PCC": 0.3160075843334198,
    "SSIM": 0.39053737368192826,
    "CMD": 0.2262762349457278,
    "MoransI": 0.8996338223598501,
    "SPCC": 0.28205890601321987
  },
  "slice2_prediction": {
    "PCC": 0.3251807987689972,
    "SSIM": 0.40765429775424905,
    "CMD": 0.23844268486588338,
    "MoransI": 0.9037646653662722,
    "SPCC": 0.29237470505110613
  },
  "config": {
    "alpha": 1.0,
    "beta": 0.3,
    "gamma": 0.3,
    "description": "Spatial + WGCNA + PPI (full model)"
  }
}