{
  "slice1": {
    "PCC": 0.22327874600887299,
    "SSIM": 0.39393548619684715,
    "CMD": 0.3531479111457755,
    "MoransI": 0.8928924042578761,
    "SPCC": 0.15013722926637146
  },
  "slice2": {
    "PCC": 0.20155003666877747,
    "SSIM": 0.3668572606798524,
    "CMD": 0.40852190166317626,
    "MoransI": 0.9041334042330992,
    "SPCC": 0.16924436126655334
  },
  "config": {
    "alpha": 1.0,
    "beta": 0.0,
    "gamma": 0.3,
    "description": "Spatial + PPI-weighted"
  },
  "time_seconds": 1505.8429753780365
}