{
  "slice1": {
    "PCC": 0.1808423548936844,
    "SSIM": 0.34789126729023395,
    "CMD": 0.3680465211042315,
    "MoransI": 0.9368182771852879,
    "SPCC": 0.12998918526299538
  },
  "slice2": {
    "PCC": 0.15714286267757416,
    "SSIM": 0.3542064657925608,
    "CMD": 0.36933071128783057,
    "MoransI": 0.9355582140494088,
    "SPCC": 0.14468358176487814
  },
  "activation_type": "silu",
  "time_seconds": 195.8335554599762
}