{
  "slice1": {
    "PCC": 0.16294921934604645,
    "SSIM": 0.37351183075253874,
    "CMD": 0.2990615186974802,
    "MoransI": 0.8946270943061466,
    "SPCC": 0.11273339832413141
  },
  "slice2": {
    "PCC": 0.15455642342567444,
    "SSIM": 0.3695640753128107,
    "CMD": 0.29641272435482535,
    "MoransI": 0.8972219967929124,
    "SPCC": 0.13438291109221598
  },
  "config": {
    "alpha": 1.0,
    "beta": 0.3,
    "gamma": 0.0,
    "description": "Spatial + WGCNA co-expression"
  },
  "time_seconds": 268.57416105270386
}