{
  "slice1": {
    "PCC": 0.16431798040866852,
    "SSIM": 0.3774341811764924,
    "CMD": 0.2647197560668776,
    "MoransI": 0.8876179958467059,
    "SPCC": 0.11686063403794379
  },
  "slice2": {
    "PCC": 0.15503789484500885,
    "SSIM": 0.3746037425369321,
    "CMD": 0.2800857882476204,
    "MoransI": 0.8895195961490029,
    "SPCC": 0.1354268627040983
  },
  "method": "attn",
  "time_seconds": 259.3787205219269
}