{
  "slice1": {
    "PCC": 0.2514561414718628,
    "SSIM": 0.3622600665837709,
    "CMD": 0.2017648548492973,
    "MoransI": 0.9152193344411188,
    "SPCC": 0.2352589270724885
  },
  "slice2": {
    "PCC": 0.27256420254707336,
    "SSIM": 0.37068659862926484,
    "CMD": 0.2211075561419662,
    "MoransI": 0.9175521146610459,
    "SPCC": 0.2507860812143277
  },
  "loss_config": {
    "alpha": 1.0,
    "beta": 0.3,
    "gamma": 0,
    "delta": 0.05,
    "use_gene_weights": true,
    "rank_tau": 1.0,
    "rank_max_genes": 300
  },
  "description": "MSE + Cosine + Smooth (\u6700\u6709\u5e0c\u671b\u7684\u7ec4\u5408)",
  "time_seconds": 817.425847530365
}