{
  "0_baseline": {
    "slice1": {
      "PCC": 0.16598378121852875,
      "SSIM": 0.37540477295283325,
      "CMD": 0.26337549826388473,
      "MoransI": 0.8889017117228911,
      "SPCC": 0.11750626137454667
    },
    "slice2": {
      "PCC": 0.1573890596628189,
      "SSIM": 0.37308191013308667,
      "CMD": 0.2952981660894006,
      "MoransI": 0.8895784566571323,
      "SPCC": 0.1396639685695716
    },
    "method": null,
    "time_seconds": 272.90045261383057
  },
  "1_svg": {
    "slice1": {
      "PCC": 0.13551132380962372,
      "SSIM": 0.2895119523331594,
      "CMD": 0.5124155341111667,
      "MoransI": 0.913667685103865,
      "SPCC": 0.09418960678332788
    },
    "slice2": {
      "PCC": 0.1298832893371582,
      "SSIM": 0.2910830748076675,
      "CMD": 0.5084682500517417,
      "MoransI": 0.915543883253359,
      "SPCC": 0.11386116476779999
    },
    "method": "svg",
    "time_seconds": 270.97246384620667
  },
  "2_attn": {
    "slice1": {
      "PCC": 0.16431798040866852,
      "SSIM": 0.3774341811764924,
      "CMD": 0.2647197560668776,
      "MoransI": 0.8876179958467059,
      "SPCC": 0.11686063403794379
    },
    "slice2": {
      "PCC": 0.15503789484500885,
      "SSIM": 0.3746037425369321,
      "CMD": 0.2800857882476204,
      "MoransI": 0.8895195961490029,
      "SPCC": 0.1354268627040983
    },
    "method": "attn",
    "time_seconds": 259.3787205219269
  },
  "3_combined": {
    "slice1": {
      "PCC": 0.1349509209394455,
      "SSIM": 0.28169138164878754,
      "CMD": 0.49622798290713177,
      "MoransI": 0.9125257772172013,
      "SPCC": 0.0925154488522648
    },
    "slice2": {
      "PCC": 0.1309668868780136,
      "SSIM": 0.2980824613484694,
      "CMD": 0.4646649969335064,
      "MoransI": 0.9094027155636942,
      "SPCC": 0.11718226547362463
    },
    "method": "combined",
    "time_seconds": 258.22906732559204
  }
}