{
  "slice1": {
    "PCC": 0.25218844413757324,
    "SSIM": 0.331292058665389,
    "CMD": 0.26372233066935125,
    "MoransI": 0.9497100522006962,
    "SPCC": 0.23805636344108325
  },
  "slice2": {
    "PCC": 0.2727462649345398,
    "SSIM": 0.3622331203672193,
    "CMD": 0.2690812350969195,
    "MoransI": 0.94867737674818,
    "SPCC": 0.2566034939479024
  },
  "activation_type": "silu",
  "time_seconds": 600.1531987190247
}