{
  "dataset": "skin",
  "seed": 42,
  "params": {
    "k_neighbors": 20,
    "alpha": 0.33
  },
  "slice1": {
    "interval_width": {
      "MI": {
        "mean": 0.5699540972709656,
        "median": 0.4042814373970032,
        "std": 0.5234979391098022,
        "n": 94
      },
      "MU": {
        "mean": 0.13132557272911072,
        "median": 0.02667257934808731,
        "std": 0.23309633135795593,
        "n": 94
      },
      "MOD": {
        "mean": 0.4211433231830597,
        "median": 0.23455503582954407,
        "std": 0.4684799909591675,
        "n": 94
      },
      "MU_MI_ratio": 0.23041430115699768
    },
    "coverage": {
      "MI": {
        "mean": 0.6700181365013123,
        "median": 0.670018196105957,
        "std": 5.960464477539063e-08,
        "n": 94
      },
      "MU": {
        "mean": 0.6700181365013123,
        "median": 0.670018196105957,
        "std": 5.960464477539063e-08,
        "n": 94
      },
      "MOD": {
        "mean": 0.6700181365013123,
        "median": 0.670018196105957,
        "std": 5.960464477539063e-08,
        "n": 94
      },
      "overall": 0.670018196105957
    },
    "ccv": {
      "MI": 1.0960452556610107,
      "MU": 1.0179460048675537,
      "MOD": 1.0481151342391968
    },
    "pcc": {
      "MI": 0.44496041536331177,
      "MU": 0.04206661880016327,
      "MOD": 0.17703276872634888
    },
    "width_pcc_spearman": {
      "rho": 0.45990307634804445,
      "p": 3.640363111923094e-16
    }
  },
  "slice2": {
    "interval_width": {
      "MI": {
        "mean": 0.7044712901115417,
        "median": 0.5126627683639526,
        "std": 0.6251382231712341,
        "n": 94
      },
      "MU": {
        "mean": 0.15184910595417023,
        "median": 0.013600492849946022,
        "std": 0.27197232842445374,
        "n": 94
      },
      "MOD": {
        "mean": 0.43856576085090637,
        "median": 0.2530263662338257,
        "std": 0.4429374933242798,
        "n": 94
      },
      "MU_MI_ratio": 0.21555045247077942
    },
    "coverage": {
      "MI": {
        "mean": 0.6700181365013123,
        "median": 0.670018196105957,
        "std": 5.960464477539063e-08,
        "n": 94
      },
      "MU": {
        "mean": 0.6700181365013123,
        "median": 0.670018196105957,
        "std": 5.960464477539063e-08,
        "n": 94
      },
      "MOD": {
        "mean": 0.6700185537338257,
        "median": 0.670018196105957,
        "std": 2.7441974452813156e-06,
        "n": 94
      },
      "overall": 0.6700183749198914
    },
    "ccv": {
      "MI": 1.107742190361023,
      "MU": 1.0196915864944458,
      "MOD": 1.049679160118103
    },
    "pcc": {
      "MI": 0.43702787160873413,
      "MU": 0.029748691245913506,
      "MOD": 0.1683255136013031
    },
    "width_pcc_spearman": {
      "rho": 0.4550566261975326,
      "p": 8.064459391616857e-16
    }
  },
  "cross_slice": {
    "interval_width": {
      "MI": {
        "mean": 0.5722475051879883,
        "median": 0.3978901207447052,
        "std": 0.529914915561676,
        "n": 94
      },
      "MU": {
        "mean": 0.132136270403862,
        "median": 0.026710305362939835,
        "std": 0.23709972202777863,
        "n": 94
      },
      "MOD": {
        "mean": 0.41993317008018494,
        "median": 0.2358773946762085,
        "std": 0.4646531641483307,
        "n": 94
      },
      "MU_MI_ratio": 0.23090754449367523
    },
    "coverage": {
      "MI": {
        "mean": 0.5862682461738586,
        "median": 0.6033540964126587,
        "std": 0.14371146261692047,
        "n": 94
      },
      "MU": {
        "mean": 0.5748125314712524,
        "median": 0.6094058156013489,
        "std": 0.22773157060146332,
        "n": 94
      },
      "MOD": {
        "mean": 0.6161304712295532,
        "median": 0.6615951061248779,
        "std": 0.18567675352096558,
        "n": 94
      },
      "overall": 0.592403769493103
    }
  }
}