{
  "slice1": {
    "PCC": 0.2561251223087311,
    "SSIM": 0.3670396323336636,
    "CMD": 0.20407826911513016,
    "MoransI": 0.9139704358574685,
    "SPCC": 0.23822286890696662
  },
  "slice2": {
    "PCC": 0.27187874913215637,
    "SSIM": 0.37645962088616636,
    "CMD": 0.22761645169648925,
    "MoransI": 0.9169177965879118,
    "SPCC": 0.2519035162037107
  },
  "loss_config": {
    "alpha": 1.0,
    "beta": 0.3,
    "gamma": 0,
    "delta": 0,
    "use_gene_weights": false,
    "rank_tau": 1.0,
    "rank_max_genes": 300
  },
  "description": "MSE + Cosine Loss (beta=0.3) \u2192 \u76ee\u6807: \u63d0\u5347 PCC",
  "time_seconds": 783.0627965927124
}