{
  "slice1": {
    "PCC": 0.13551132380962372,
    "SSIM": 0.2895119523331594,
    "CMD": 0.5124155341111667,
    "MoransI": 0.913667685103865,
    "SPCC": 0.09418960678332788
  },
  "slice2": {
    "PCC": 0.1298832893371582,
    "SSIM": 0.2910830748076675,
    "CMD": 0.5084682500517417,
    "MoransI": 0.915543883253359,
    "SPCC": 0.11386116476779999
  },
  "method": "svg",
  "time_seconds": 270.97246384620667
}