{
  "slice1": {
    "PCC": 0.3152225911617279,
    "SSIM": 0.39304925208755026,
    "CMD": 0.22072047838544095,
    "MoransI": 0.8992449207589253,
    "SPCC": 0.2825131778449155
  },
  "slice2": {
    "PCC": 0.32243287563323975,
    "SSIM": 0.40472527962567983,
    "CMD": 0.23630009977640787,
    "MoransI": 0.90378857454292,
    "SPCC": 0.2895166050430467
  },
  "config": {
    "alpha": 1.0,
    "beta": 0.0,
    "gamma": 0.3,
    "description": "Spatial + PPI-weighted"
  },
  "time_seconds": 4873.774852514267
}