{
  "slice1": {
    "PCC": 0.2576139271259308,
    "SSIM": 0.3683250400401156,
    "CMD": 0.20675476397645676,
    "MoransI": 0.9160575725270891,
    "SPCC": 0.23966149735603534
  },
  "slice2": {
    "PCC": 0.2699430286884308,
    "SSIM": 0.3754567772746548,
    "CMD": 0.22558183920400277,
    "MoransI": 0.9163643275707049,
    "SPCC": 0.25000187575425237
  },
  "loss_config": null,
  "description": "\u539f\u7248 MSE\uff08\u5bf9\u7167\u7ec4\uff09",
  "time_seconds": 773.2912459373474
}