{
  "slice1": {
    "PCC": 0.1349509209394455,
    "SSIM": 0.28169138164878754,
    "CMD": 0.49622798290713177,
    "MoransI": 0.9125257772172013,
    "SPCC": 0.0925154488522648
  },
  "slice2": {
    "PCC": 0.1309668868780136,
    "SSIM": 0.2980824613484694,
    "CMD": 0.4646649969335064,
    "MoransI": 0.9094027155636942,
    "SPCC": 0.11718226547362463
  },
  "method": "combined",
  "time_seconds": 258.22906732559204
}