{
  "slice1": {
    "PCC": 0.25747954845428467,
    "SSIM": 0.3663794681370866,
    "CMD": 0.1995601363858851,
    "MoransI": 0.9147450004961384,
    "SPCC": 0.2403510506375657
  },
  "slice2": {
    "PCC": 0.2682510316371918,
    "SSIM": 0.38196158372369726,
    "CMD": 0.24353882057232823,
    "MoransI": 0.9228068708914963,
    "SPCC": 0.2525407444485857
  },
  "activation_type": null,
  "time_seconds": 577.7846162319183
}