{
  "slice1": {
    "PCC": 0.16531583666801453,
    "SSIM": 0.3779318503234117,
    "CMD": 0.25491950997005497,
    "MoransI": 0.8874410844564651,
    "SPCC": 0.11612130763949725
  },
  "slice2": {
    "PCC": 0.15418896079063416,
    "SSIM": 0.3668327155021548,
    "CMD": 0.3004143845763726,
    "MoransI": 0.8971263870949638,
    "SPCC": 0.1341136778604846
  },
  "loss_config": {
    "alpha": 1.0,
    "beta": 0.3,
    "gamma": 0,
    "delta": 0.05,
    "use_gene_weights": true,
    "rank_tau": 1.0,
    "rank_max_genes": 300
  },
  "description": "MSE + Cosine + Smooth (\u6700\u6709\u5e0c\u671b\u7684\u7ec4\u5408)",
  "time_seconds": 307.80323362350464
}