{
  "0_baseline": {
    "slice1": {
      "PCC": 0.2576139271259308,
      "SSIM": 0.3683250400401156,
      "CMD": 0.20675476397645676,
      "MoransI": 0.9160575725270891,
      "SPCC": 0.23966149735603534
    },
    "slice2": {
      "PCC": 0.2699430286884308,
      "SSIM": 0.3754567772746548,
      "CMD": 0.22558183920400277,
      "MoransI": 0.9163643275707049,
      "SPCC": 0.25000187575425237
    },
    "description": "\u539f\u7248 MSE\uff08\u5bf9\u7167\u7ec4\uff09",
    "loss_config": null,
    "time_seconds": 773.2912459373474
  },
  "1_cosine_only": {
    "slice1": {
      "PCC": 0.2561251223087311,
      "SSIM": 0.3670396323336636,
      "CMD": 0.20407826911513016,
      "MoransI": 0.9139704358574685,
      "SPCC": 0.23822286890696662
    },
    "slice2": {
      "PCC": 0.27187874913215637,
      "SSIM": 0.37645962088616636,
      "CMD": 0.22761645169648925,
      "MoransI": 0.9169177965879118,
      "SPCC": 0.2519035162037107
    },
    "description": "MSE + Cosine Loss (beta=0.3) \u2192 \u76ee\u6807: \u63d0\u5347 PCC",
    "loss_config": {
      "alpha": 1.0,
      "beta": 0.3,
      "gamma": 0,
      "delta": 0,
      "use_gene_weights": false,
      "rank_tau": 1.0,
      "rank_max_genes": 300
    },
    "time_seconds": 783.0627965927124
  },
  "2_wmse_only": {
    "slice1": {
      "PCC": 0.2511864900588989,
      "SSIM": 0.36263359403022427,
      "CMD": 0.20056624871894768,
      "MoransI": 0.9154331386747154,
      "SPCC": 0.23516559417315513
    },
    "slice2": {
      "PCC": 0.2697325050830841,
      "SSIM": 0.372874656420377,
      "CMD": 0.21129850084394086,
      "MoransI": 0.9133298744482108,
      "SPCC": 0.2491594269670897
    },
    "description": "Weighted MSE (\u57fa\u56e0CV\u52a0\u6743) \u2192 \u76ee\u6807: \u63d0\u5347 CMD",
    "loss_config": {
      "alpha": 1.0,
      "beta": 0,
      "gamma": 0,
      "delta": 0,
      "use_gene_weights": true,
      "rank_tau": 1.0,
      "rank_max_genes": 300
    },
    "time_seconds": 781.6564564704895
  },
  "3_smooth_only": {
    "slice1": {
      "PCC": 0.24978645145893097,
      "SSIM": 0.36308068848036407,
      "CMD": 0.21621968077575626,
      "MoransI": 0.9158613585063443,
      "SPCC": 0.23503646578859635
    },
    "slice2": {
      "PCC": 0.26901841163635254,
      "SSIM": 0.37614994145102437,
      "CMD": 0.22599055951694003,
      "MoransI": 0.9165137720443594,
      "SPCC": 0.2497262010242665
    },
    "description": "MSE + Spatial Smoothness (delta=0.05) \u2192 \u76ee\u6807: \u63d0\u5347 CMD",
    "loss_config": {
      "alpha": 1.0,
      "beta": 0,
      "gamma": 0,
      "delta": 0.05,
      "use_gene_weights": false,
      "rank_tau": 1.0,
      "rank_max_genes": 300
    },
    "time_seconds": 734.5693967342377
  },
  "4_rank_only": {
    "slice1": {
      "PCC": 0.2483012080192566,
      "SSIM": 0.3530431528775884,
      "CMD": 0.203598725589486,
      "MoransI": 0.9112656317181878,
      "SPCC": 0.22992962444843892
    },
    "slice2": {
      "PCC": 0.2697000205516815,
      "SSIM": 0.3726524091341825,
      "CMD": 0.2204186719454927,
      "MoransI": 0.9163356497008868,
      "SPCC": 0.24935359096149085
    },
    "description": "MSE + Soft Rank Loss (gamma=0.05) \u2192 \u76ee\u6807: \u63d0\u5347 SSIM",
    "loss_config": {
      "alpha": 1.0,
      "beta": 0,
      "gamma": 0.05,
      "delta": 0,
      "use_gene_weights": false,
      "rank_tau": 1.0,
      "rank_max_genes": 300
    },
    "time_seconds": 737.9625899791718
  },
  "5_cosine_smooth": {
    "slice1": {
      "PCC": 0.2514561414718628,
      "SSIM": 0.3622600665837709,
      "CMD": 0.2017648548492973,
      "MoransI": 0.9152193344411188,
      "SPCC": 0.2352589270724885
    },
    "slice2": {
      "PCC": 0.27256420254707336,
      "SSIM": 0.37068659862926484,
      "CMD": 0.2211075561419662,
      "MoransI": 0.9175521146610459,
      "SPCC": 0.2507860812143277
    },
    "description": "MSE + Cosine + Smooth (\u6700\u6709\u5e0c\u671b\u7684\u7ec4\u5408)",
    "loss_config": {
      "alpha": 1.0,
      "beta": 0.3,
      "gamma": 0,
      "delta": 0.05,
      "use_gene_weights": true,
      "rank_tau": 1.0,
      "rank_max_genes": 300
    },
    "time_seconds": 817.425847530365
  }
}