{
  "slice1": {
    "PCC": 0.25888368487358093,
    "SSIM": 0.3428540798506087,
    "CMD": 0.23051164677768432,
    "MoransI": 0.9448491716201982,
    "SPCC": 0.24415224479809658
  },
  "slice2": {
    "PCC": 0.2722764313220978,
    "SSIM": 0.35888105164081935,
    "CMD": 0.25530440056531,
    "MoransI": 0.9465221008862092,
    "SPCC": 0.25559645639732526
  },
  "activation_type": "mish",
  "time_seconds": 584.1947345733643
}