{
  "slice1": {
    "PCC": 0.2536153197288513,
    "SSIM": 0.3612184414399122,
    "CMD": 0.19240350378278137,
    "MoransI": 0.9146286062300233,
    "SPCC": 0.23652301800690256
  },
  "slice2": {
    "PCC": 0.26599350571632385,
    "SSIM": 0.3770949581355195,
    "CMD": 0.22894817632741038,
    "MoransI": 0.9150634684614228,
    "SPCC": 0.24732986891950753
  },
  "method": null,
  "time_seconds": 771.8906111717224
}