{
  "0_baseline": {
    "slice1": {
      "PCC": 0.16308072209358215,
      "SSIM": 0.3723332145019085,
      "CMD": 0.2646474633369782,
      "MoransI": 0.8895113823766015,
      "SPCC": 0.11643679236733333
    },
    "slice2": {
      "PCC": 0.15641359984874725,
      "SSIM": 0.3668161974364479,
      "CMD": 0.29239470379296917,
      "MoransI": 0.8936818396932185,
      "SPCC": 0.1356192965056048
    },
    "config": {
      "alpha": 1.0,
      "beta": 0.0,
      "gamma": 0.0,
      "description": "\u539f\u7248 Spatial-only hypergraph"
    },
    "time_seconds": 224.20843029022217
  },
  "1_spatial_coexpr": {
    "slice1": {
      "PCC": 0.16294921934604645,
      "SSIM": 0.37351183075253874,
      "CMD": 0.2990615186974802,
      "MoransI": 0.8946270943061466,
      "SPCC": 0.11273339832413141
    },
    "slice2": {
      "PCC": 0.15455642342567444,
      "SSIM": 0.3695640753128107,
      "CMD": 0.29641272435482535,
      "MoransI": 0.8972219967929124,
      "SPCC": 0.13438291109221598
    },
    "config": {
      "alpha": 1.0,
      "beta": 0.3,
      "gamma": 0.0,
      "description": "Spatial + WGCNA co-expression"
    },
    "time_seconds": 268.57416105270386
  },
  "2_spatial_ppi": {
    "slice1": {
      "PCC": 0.22327874600887299,
      "SSIM": 0.39393548619684715,
      "CMD": 0.3531479111457755,
      "MoransI": 0.8928924042578761,
      "SPCC": 0.15013722926637146
    },
    "slice2": {
      "PCC": 0.20155003666877747,
      "SSIM": 0.3668572606798524,
      "CMD": 0.40852190166317626,
      "MoransI": 0.9041334042330992,
      "SPCC": 0.16924436126655334
    },
    "config": {
      "alpha": 1.0,
      "beta": 0.0,
      "gamma": 0.3,
      "description": "Spatial + PPI-weighted"
    },
    "time_seconds": 1505.8429753780365
  },
  "3_all_three": {
    "slice1": {
      "PCC": 0.2229781299829483,
      "SSIM": 0.3958839773111649,
      "CMD": 0.34190086961499644,
      "MoransI": 0.8904866874676688,
      "SPCC": 0.14966623550336627
    },
    "slice2": {
      "PCC": 0.20368804037570953,
      "SSIM": 0.3696522219168885,
      "CMD": 0.4050842113687311,
      "MoransI": 0.9021885576560653,
      "SPCC": 0.17060084283586824
    },
    "config": {
      "alpha": 1.0,
      "beta": 0.3,
      "gamma": 0.3,
      "description": "Spatial + WGCNA + PPI (full model)"
    },
    "time_seconds": 1501.4555423259735
  }
}