{
  "slice1_prediction": {
    "PCC": 0.2229781299829483,
    "SSIM": 0.3958839773111649,
    "CMD": 0.34190086961499644,
    "MoransI": 0.8904866874676688,
    "SPCC": 0.14966623550336627
  },
  "slice2_prediction": {
    "PCC": 0.20368804037570953,
    "SSIM": 0.3696522219168885,
    "CMD": 0.4050842113687311,
    "MoransI": 0.9021885576560653,
    "SPCC": 0.17060084283586824
  },
  "config": {
    "alpha": 1.0,
    "beta": 0.3,
    "gamma": 0.3,
    "description": "Spatial + WGCNA + PPI (full model)"
  }
}