{
  "slice1": {
    "PCC": 0.15517504513263702,
    "SSIM": 0.37387388927629944,
    "CMD": 0.27849639489086087,
    "MoransI": 0.8849777720438631,
    "SPCC": 0.10778892034655263
  },
  "slice2": {
    "PCC": 0.15568344295024872,
    "SSIM": 0.3756011728779495,
    "CMD": 0.28640020511192743,
    "MoransI": 0.8895439801581682,
    "SPCC": 0.13680668636187412
  },
  "loss_config": null,
  "description": "\u539f\u7248 MSE\uff08\u5bf9\u7167\u7ec4\uff09",
  "time_seconds": 277.26102566719055
}