{
  "slice1": {
    "PCC": 0.16308072209358215,
    "SSIM": 0.3723332145019085,
    "CMD": 0.2646474633369782,
    "MoransI": 0.8895113823766015,
    "SPCC": 0.11643679236733333
  },
  "slice2": {
    "PCC": 0.15641359984874725,
    "SSIM": 0.3668161974364479,
    "CMD": 0.29239470379296917,
    "MoransI": 0.8936818396932185,
    "SPCC": 0.1356192965056048
  },
  "config": {
    "alpha": 1.0,
    "beta": 0.0,
    "gamma": 0.0,
    "description": "\u539f\u7248 Spatial-only hypergraph"
  },
  "time_seconds": 224.20843029022217
}