{
  "dataset": "mg",
  "seed": 42,
  "n_genes_MI": 104,
  "n_genes_MOD": 105,
  "n_genes_MU": 104,
  "alpha": 0.33,
  "ccv_slice1_MI": 1.113280177116394,
  "ccv_slice1_MU": 1.0197842121124268,
  "ccv_slice1_MOD": 1.0535515546798706,
  "ccv_slice2_MI": 1.2242931127548218,
  "ccv_slice2_MU": 1.03183913230896,
  "ccv_slice2_MOD": 1.094368815422058,
  "width_slice1_MI": 0.7587928771972656,
  "width_slice1_MU": 0.11645971238613129,
  "width_slice1_MOD": 0.3915233016014099,
  "width_slice2_MI": 0.907069742679596,
  "width_slice2_MU": 0.13220568001270294,
  "width_slice2_MOD": 0.4413558542728424,
  "width_cross_slice_MI": 0.8419432044029236,
  "width_cross_slice_MU": 0.1185835525393486,
  "width_cross_slice_MOD": 0.40952497720718384,
  "coverage_slice1_MI": 0.6700060975609754,
  "coverage_slice1_MU": 0.6700061561913694,
  "coverage_slice1_MOD": 0.6700060975609754,
  "coverage_slice2_MI": 0.6700103950103949,
  "coverage_slice2_MU": 0.6700103088162789,
  "coverage_slice2_MOD": 0.6700103088162789,
  "coverage_cross_slice_MI": 0.6378550766610468,
  "coverage_cross_slice_MU": 0.6190037339291071,
  "coverage_cross_slice_MOD": 0.6403059776194104,
  "coverage_slice1_overall": 0.6700061170420011,
  "coverage_slice2_overall": 0.6700103374558574,
  "coverage_cross_slice_overall": 0.6324135589502048,
  "spearman_rho_eps_vs_baseline_pcc": 0.8987548389015595,
  "spearman_p": 2.1819900220907713e-113
}