{
  "slice1": {
    "PCC": 0.25157999992370605,
    "SSIM": 0.36053975262624005,
    "CMD": 0.18860356628965358,
    "MoransI": 0.9121908980356589,
    "SPCC": 0.2352514500193004
  },
  "slice2": {
    "PCC": 0.2678796947002411,
    "SSIM": 0.37738191078627337,
    "CMD": 0.2201612848907345,
    "MoransI": 0.9145412203560856,
    "SPCC": 0.24884810721079212
  },
  "method": "attn",
  "time_seconds": 964.5133605003357
}