{
  "leakyrelu_baseline": {
    "slice1": {
      "PCC": 0.16704727709293365,
      "SSIM": 0.3781165741710056,
      "CMD": 0.26375980212334194,
      "MoransI": 0.8895357024619999,
      "SPCC": 0.11793999823350916
    },
    "slice2": {
      "PCC": 0.15819987654685974,
      "SSIM": 0.37262933482064386,
      "CMD": 0.28996095264775756,
      "MoransI": 0.8919048110079518,
      "SPCC": 0.1393094611247202
    },
    "activation_type": null,
    "time_seconds": 196.82166934013367
  },
  "gelu": {
    "slice1": {
      "PCC": 0.17568710446357727,
      "SSIM": 0.36324285402305906,
      "CMD": 0.31917032640215703,
      "MoransI": 0.9318610961010627,
      "SPCC": 0.124480304582379
    },
    "slice2": {
      "PCC": 0.15554054081439972,
      "SSIM": 0.35433231540754656,
      "CMD": 0.3567602717117677,
      "MoransI": 0.93563421624003,
      "SPCC": 0.1402241805652223
    },
    "activation_type": "gelu",
    "time_seconds": 265.1039321422577
  },
  "silu": {
    "slice1": {
      "PCC": 0.1808423548936844,
      "SSIM": 0.34789126729023395,
      "CMD": 0.3680465211042315,
      "MoransI": 0.9368182771852879,
      "SPCC": 0.12998918526299538
    },
    "slice2": {
      "PCC": 0.15714286267757416,
      "SSIM": 0.3542064657925608,
      "CMD": 0.36933071128783057,
      "MoransI": 0.9355582140494088,
      "SPCC": 0.14468358176487814
    },
    "activation_type": "silu",
    "time_seconds": 195.8335554599762
  },
  "mish": {
    "slice1": {
      "PCC": 0.1793244332075119,
      "SSIM": 0.35347387206271874,
      "CMD": 0.3262972525874438,
      "MoransI": 0.9329203098524744,
      "SPCC": 0.1257159366118696
    },
    "slice2": {
      "PCC": 0.13203097879886627,
      "SSIM": 0.2635087399545948,
      "CMD": 0.4726503732906806,
      "MoransI": 0.9366012571678213,
      "SPCC": 0.11770792021684308
    },
    "activation_type": "mish",
    "time_seconds": 196.78945469856262
  }
}