{
  "slice1": {
    "PCC": 0.16598378121852875,
    "SSIM": 0.37540477295283325,
    "CMD": 0.26337549826388473,
    "MoransI": 0.8889017117228911,
    "SPCC": 0.11750626137454667
  },
  "slice2": {
    "PCC": 0.1573890596628189,
    "SSIM": 0.37308191013308667,
    "CMD": 0.2952981660894006,
    "MoransI": 0.8895784566571323,
    "SPCC": 0.1396639685695716
  },
  "method": null,
  "time_seconds": 272.90045261383057
}