{
  "slice1": {
    "PCC": 0.17568710446357727,
    "SSIM": 0.36324285402305906,
    "CMD": 0.31917032640215703,
    "MoransI": 0.9318610961010627,
    "SPCC": 0.124480304582379
  },
  "slice2": {
    "PCC": 0.15554054081439972,
    "SSIM": 0.35433231540754656,
    "CMD": 0.3567602717117677,
    "MoransI": 0.93563421624003,
    "SPCC": 0.1402241805652223
  },
  "activation_type": "gelu",
  "time_seconds": 265.1039321422577
}