{
  "slice1": {
    "PCC": 0.18966491520404816,
    "SSIM": 0.2602358842804242,
    "CMD": 0.5042747845498883,
    "MoransI": 0.9289281505377461,
    "SPCC": 0.1776405757038865
  },
  "slice2": {
    "PCC": 0.19647470116615295,
    "SSIM": 0.28747546041532956,
    "CMD": 0.523989500006746,
    "MoransI": 0.9322123186864791,
    "SPCC": 0.1780352540489599
  },
  "method": "svg",
  "time_seconds": 843.4287226200104
}