{
  "slice1": {
    "PCC": 0.25650063157081604,
    "SSIM": 0.36630071926027763,
    "CMD": 0.21023067227405157,
    "MoransI": 0.9158566418781985,
    "SPCC": 0.2404970622241629
  },
  "slice2": {
    "PCC": 0.26788461208343506,
    "SSIM": 0.37521083836297925,
    "CMD": 0.2215686729780103,
    "MoransI": 0.9157708835206932,
    "SPCC": 0.24889479792564295
  },
  "config": {
    "alpha": 1.0,
    "beta": 0.0,
    "gamma": 0.0,
    "description": "\u539f\u7248 Spatial-only hypergraph"
  },
  "time_seconds": 765.9023230075836
}