{
  "dataset": "mg",
  "seed": 42,
  "params": {
    "k_neighbors": 20,
    "alpha": 0.33
  },
  "slice1": {
    "interval_width": {
      "MI": {
        "mean": 0.7159219980239868,
        "median": 0.7713444232940674,
        "std": 0.3456668257713318,
        "n": 104
      },
      "MU": {
        "mean": 0.16474679112434387,
        "median": 0.08777601271867752,
        "std": 0.23849983513355255,
        "n": 104
      },
      "MOD": {
        "mean": 0.4116273820400238,
        "median": 0.3692556321620941,
        "std": 0.30589282512664795,
        "n": 105
      },
      "MU_MI_ratio": 0.23011834919452667
    },
    "coverage": {
      "MI": {
        "mean": 0.6700062155723572,
        "median": 0.6700060963630676,
        "std": 5.963902367511764e-07,
        "n": 104
      },
      "MU": {
        "mean": 0.6700062155723572,
        "median": 0.6700060963630676,
        "std": 5.963902367511764e-07,
        "n": 104
      },
      "MOD": {
        "mean": 0.6700061559677124,
        "median": 0.6700060963630676,
        "std": 5.960464477539063e-08,
        "n": 105
      },
      "overall": 0.6700062155723572
    },
    "ccv": {
      "MI": 1.1212385892868042,
      "MU": 1.0181605815887451,
      "MOD": 1.0467441082000732
    },
    "pcc": {
      "MI": 0.549640953540802,
      "MU": 0.10367609560489655,
      "MOD": 0.2870222330093384
    },
    "width_pcc_spearman": {
      "rho": 0.6735837065398937,
      "p": 9.859625009993811e-43
    }
  },
  "slice2": {
    "interval_width": {
      "MI": {
        "mean": 0.7375246286392212,
        "median": 0.7323461771011353,
        "std": 0.37787124514579773,
        "n": 104
      },
      "MU": {
        "mean": 0.16260257363319397,
        "median": 0.07551732659339905,
        "std": 0.2389540672302246,
        "n": 104
      },
      "MOD": {
        "mean": 0.40501469373703003,
        "median": 0.34962132573127747,
        "std": 0.30950143933296204,
        "n": 105
      },
      "MU_MI_ratio": 0.22047069668769836
    },
    "coverage": {
      "MI": {
        "mean": 0.6700104475021362,
        "median": 0.6700103282928467,
        "std": 1.1920928955078125e-07,
        "n": 104
      },
      "MU": {
        "mean": 0.6700104475021362,
        "median": 0.6700103282928467,
        "std": 1.1920928955078125e-07,
        "n": 104
      },
      "MOD": {
        "mean": 0.6700104475021362,
        "median": 0.6700103282928467,
        "std": 1.1920928955078125e-07,
        "n": 105
      },
      "overall": 0.6700103878974915
    },
    "ccv": {
      "MI": 1.100583553314209,
      "MU": 1.0156971216201782,
      "MOD": 1.039013385772705
    },
    "pcc": {
      "MI": 0.5449303984642029,
      "MU": 0.09694845974445343,
      "MOD": 0.2781486213207245
    },
    "width_pcc_spearman": {
      "rho": 0.6844871820961034,
      "p": 1.3525677838304813e-44
    }
  },
  "cross_slice": {
    "interval_width": {
      "MI": {
        "mean": 0.7009255290031433,
        "median": 0.7431271076202393,
        "std": 0.33414652943611145,
        "n": 104
      },
      "MU": {
        "mean": 0.16429144144058228,
        "median": 0.08803249895572662,
        "std": 0.23836316168308258,
        "n": 104
      },
      "MOD": {
        "mean": 0.4085700213909149,
        "median": 0.3641415238380432,
        "std": 0.3037940263748169,
        "n": 105
      },
      "MU_MI_ratio": 0.23439215123653412
    },
    "coverage": {
      "MI": {
        "mean": 0.6601947546005249,
        "median": 0.6635963916778564,
        "std": 0.06223269924521446,
        "n": 104
      },
      "MU": {
        "mean": 0.670555830001831,
        "median": 0.6852583885192871,
        "std": 0.18322467803955078,
        "n": 104
      },
      "MOD": {
        "mean": 0.6802321672439575,
        "median": 0.6779525876045227,
        "std": 0.1095941886305809,
        "n": 105
      },
      "overall": 0.6703592538833618
    }
  }
}