{
  "leakyrelu_baseline": {
    "slice1": {
      "PCC": 0.25747954845428467,
      "SSIM": 0.3663794681370866,
      "CMD": 0.1995601363858851,
      "MoransI": 0.9147450004961384,
      "SPCC": 0.2403510506375657
    },
    "slice2": {
      "PCC": 0.2682510316371918,
      "SSIM": 0.38196158372369726,
      "CMD": 0.24353882057232823,
      "MoransI": 0.9228068708914963,
      "SPCC": 0.2525407444485857
    },
    "activation_type": null,
    "time_seconds": 577.7846162319183
  },
  "gelu": {
    "slice1": {
      "PCC": 0.26255175471305847,
      "SSIM": 0.35033394980135146,
      "CMD": 0.2433032867937105,
      "MoransI": 0.9453303533059476,
      "SPCC": 0.24774872131243136
    },
    "slice2": {
      "PCC": 0.255806565284729,
      "SSIM": 0.3456711434732252,
      "CMD": 0.2931009881807889,
      "MoransI": 0.945684739855352,
      "SPCC": 0.24067770733361232
    },
    "activation_type": "gelu",
    "time_seconds": 607.4741580486298
  },
  "silu": {
    "slice1": {
      "PCC": 0.25218844413757324,
      "SSIM": 0.331292058665389,
      "CMD": 0.26372233066935125,
      "MoransI": 0.9497100522006962,
      "SPCC": 0.23805636344108325
    },
    "slice2": {
      "PCC": 0.2727462649345398,
      "SSIM": 0.3622331203672193,
      "CMD": 0.2690812350969195,
      "MoransI": 0.94867737674818,
      "SPCC": 0.2566034939479024
    },
    "activation_type": "silu",
    "time_seconds": 600.1531987190247
  },
  "mish": {
    "slice1": {
      "PCC": 0.25888368487358093,
      "SSIM": 0.3428540798506087,
      "CMD": 0.23051164677768432,
      "MoransI": 0.9448491716201982,
      "SPCC": 0.24415224479809658
    },
    "slice2": {
      "PCC": 0.2722764313220978,
      "SSIM": 0.35888105164081935,
      "CMD": 0.25530440056531,
      "MoransI": 0.9465221008862092,
      "SPCC": 0.25559645639732526
    },
    "activation_type": "mish",
    "time_seconds": 584.1947345733643
  }
}