{
  "slice1_prediction": {
    "PCC": 0.26255175471305847,
    "SSIM": 0.35033394980135146,
    "CMD": 0.2433032867937105,
    "MoransI": 0.9453303533059476,
    "SPCC": 0.24774872131243136
  },
  "slice2_prediction": {
    "PCC": 0.255806565284729,
    "SSIM": 0.3456711434732252,
    "CMD": 0.2931009881807889,
    "MoransI": 0.945684739855352,
    "SPCC": 0.24067770733361232
  },
  "activation_type": "gelu"
}