{
  "dataset": "mg",
  "seed": 42,
  "best_params": {
    "alpha": 0.1,
    "coexpr_threshold": 0.7,
    "n_iters": 5,
    "ppi_weight": 0.7,
    "coexpr_weight": 0.30000000000000004,
    "overall_pcc": 0.31384775042533875,
    "mi_pcc": 0.549640953540802,
    "mu_pcc": 0.10442821681499481,
    "mu_pcc_delta": 0.0007521212100982666
  },
  "v0_baseline": {
    "slice1": {
      "PCC": 0.3133620023727417,
      "SSIM": 0.3906435413407652,
      "CMD": 0.24724349237618692,
      "MoransI": 0.9022500062481363,
      "SPCC": 0.2807208521148973
    },
    "slice2": {
      "PCC": 0.3065846860408783,
      "SSIM": 0.3881768935638808,
      "CMD": 0.2906639643961989,
      "MoransI": 0.9106597419768379,
      "SPCC": 0.27964213870243615
    }
  },
  "propagated": {
    "slice1": {
      "PCC": 0.31384775042533875,
      "SSIM": 0.35787951895171854,
      "CMD": 0.26942756575920535,
      "MoransI": 0.9083488679832878,
      "SPCC": 0.28367201914092366
    },
    "slice2": {
      "PCC": 0.3074435293674469,
      "SSIM": 0.36128671088461883,
      "CMD": 0.31041009371519124,
      "MoransI": 0.9178377849774724,
      "SPCC": 0.2807866035264519
    }
  },
  "stratified_s1": {
    "overall": {
      "PCC": 0.31384775042533875,
      "SSIM": 0.35787951895171854,
      "SPCC": 0.28367201914092366,
      "MoransI": 0.9083488679832878
    },
    "MI": {
      "n": 104,
      "PCC_mean": 0.549640953540802,
      "PCC_median": 0.5272793173789978,
      "dPCC_mean": 0.0,
      "dPCC_wilcoxon_p": NaN,
      "SSIM_mean": 0.3194777547906663,
      "SSIM_median": 0.30472421141398637,
      "dSSIM_mean": 0.0,
      "dSSIM_wilcoxon_p": NaN,
      "SPCC_mean": 0.4927138832394969,
      "SPCC_median": 0.47105752263668554,
      "dSPCC_mean": 0.0,
      "dSPCC_wilcoxon_p": NaN,
      "MoransI_mean": 0.9392869239950528,
      "MoransI_median": 0.9477979124747802,
      "dMoransI_mean": 0.0,
      "dMoransI_wilcoxon_p": NaN
    },
    "MU": {
      "n": 104,
      "PCC_mean": 0.10442821681499481,
      "PCC_median": 0.11560535430908203,
      "dPCC_mean": 0.000752124295104295,
      "dPCC_wilcoxon_p": 0.0035218302831894104,
      "SSIM_mean": 0.46403642051033606,
      "SSIM_median": 0.46706897717574636,
      "dSSIM_mean": -0.061485646704003624,
      "dSSIM_wilcoxon_p": 1.0,
      "SPCC_mean": 0.09902514113335653,
      "SPCC_median": 0.0981851813966397,
      "dSPCC_mean": 0.005441968252179788,
      "dSPCC_wilcoxon_p": 5.239821667354454e-08,
      "MoransI_mean": 0.8688350390315793,
      "MoransI_median": 0.8829360709706662,
      "dMoransI_mean": 0.016132635089015433,
      "dMoransI_wilcoxon_p": 3.3916293870795455e-10
    },
    "Moderate": {
      "n": 105,
      "PCC_mean": 0.2877252399921417,
      "PCC_median": 0.27837684750556946,
      "dPCC_mean": 0.0007030161796137691,
      "dPCC_wilcoxon_p": 0.06586741834551055,
      "SSIM_mean": 0.29076966857698733,
      "SSIM_median": 0.25035650340422866,
      "dSSIM_mean": -0.0367679214338592,
      "dSSIM_wilcoxon_p": 1.0,
      "SPCC_mean": 0.2595093662507844,
      "SPCC_median": 0.2568239044465414,
      "dSPCC_mean": 0.0034071483897101535,
      "dSPCC_wilcoxon_p": 8.850575935156981e-08,
      "MoransI_mean": 0.9168429668952314,
      "MoransI_median": 0.923279732812998,
      "dMoransI_mean": 0.002201425465188429,
      "dMoransI_wilcoxon_p": 2.044752075241792e-09
    }
  },
  "stratified_s2": {
    "overall": {
      "PCC": 0.3074435293674469,
      "SSIM": 0.36128671088461883,
      "SPCC": 0.2807866035264519,
      "MoransI": 0.9178377849774724
    },
    "MI": {
      "n": 104,
      "PCC_mean": 0.5449303984642029,
      "PCC_median": 0.5173684358596802,
      "dPCC_mean": 0.0,
      "dPCC_wilcoxon_p": NaN,
      "SSIM_mean": 0.297695033258844,
      "SSIM_median": 0.27815086048045023,
      "dSSIM_mean": 0.0,
      "dSSIM_wilcoxon_p": NaN,
      "SPCC_mean": 0.4962060371349962,
      "SPCC_median": 0.47354260166323614,
      "dSPCC_mean": 0.0,
      "dSPCC_wilcoxon_p": NaN,
      "MoransI_mean": 0.9411912673307652,
      "MoransI_median": 0.9533830262288029,
      "dMoransI_mean": 0.0,
      "dMoransI_wilcoxon_p": NaN
    },
    "MU": {
      "n": 104,
      "PCC_mean": 0.09955136477947235,
      "PCC_median": 0.10613101720809937,
      "dPCC_mean": 0.002602908993139863,
      "dPCC_wilcoxon_p": 0.021677744949999665,
      "SSIM_mean": 0.48594219551884227,
      "SSIM_median": 0.5082050318146313,
      "dSSIM_mean": -0.052459106562557714,
      "dSSIM_wilcoxon_p": 0.9999999999999986,
      "SPCC_mean": 0.09297653385052526,
      "SPCC_median": 0.09601705780939138,
      "dSPCC_mean": 0.003422936983228038,
      "dSPCC_wilcoxon_p": 0.013723221647859074,
      "MoransI_mean": 0.8865110619455385,
      "MoransI_median": 0.9006321288392062,
      "dMoransI_mean": 0.018699510380609116,
      "dMoransI_wilcoxon_p": 4.4242682346766034e-10
    },
    "Moderate": {
      "n": 105,
      "PCC_mean": 0.2781306207180023,
      "PCC_median": 0.26552170515060425,
      "dPCC_mean": -1.7987546016229317e-05,
      "dPCC_wilcoxon_p": 0.7484855715518635,
      "SSIM_mean": 0.30080446394291743,
      "SSIM_median": 0.2539830536924131,
      "dSSIM_mean": -0.028198858058123773,
      "dSSIM_wilcoxon_p": 0.9999999999999986,
      "SPCC_mean": 0.2534401859170021,
      "SPCC_median": 0.2483951206032778,
      "dSPCC_mean": 2.1257558678200385e-05,
      "dSPCC_wilcoxon_p": 0.09633859540914697,
      "MoransI_mean": 0.9257350900306023,
      "MoransI_median": 0.9362283148175885,
      "dMoransI_mean": 0.0028759845677636922,
      "dMoransI_wilcoxon_p": 1.6847702163202907e-09
    }
  },
  "n_grid_combos": 135
}